"Slope","Lower.95.CI","Upper.95.CI","z.value"
0.0436356040281455,0.025477983297653,0.0634291320582518,5.05454799509876
