"Slope","Lower.95.CI","Upper.95.CI","z.value"
0.0439949111468837,0.0254500041291305,0.0642105875829826,4.98201035917691
