"Slope","Lower.95.CI","Upper.95.CI","z.value"
0.482093916677796,-0.0618303984743489,0.903373749896402,1.28099305238581
