"Slope","Lower.95.CI","Upper.95.CI","z.value"
0.484787364911079,-0.0566618487955873,0.908240671959335,1.31308519676198
