"Slope","Lower.95.CI","Upper.95.CI","z.value"
0.727316108025948,-0.00928525911452754,0.850224118430096,1.92036491820764
