"Slope","Lower.95.CI","Upper.95.CI","z.value"
0.705728339239275,-0.0558810201808938,0.833749019365363,1.72398689418919
