"Slope","Lower.95.CI","Upper.95.CI","z.value"
0.79964358275865,0.706892026324605,0.812314406166719,5.31310696652491
