"Slope","Lower.95.CI","Upper.95.CI","z.value"
0.806096214382422,0.730160798382851,0.814777528945934,5.30845207349923
