"Slope","Lower.95.CI","Upper.95.CI","z.value"
0.617058259232296,0.0335384467885284,0.953922532970959,2.45708965584735
