"Slope","Lower.95.CI","Upper.95.CI","z.value"
0.327103103919054,-0.0282384902929169,0.629144607644527,1.7576647468319
